{
  "siteUrl": "http://localhost:8881",
  "phpVersion": "8.1",
  "wordpressVersion": "6.7.1",
  "plugins": [
    {
      "name": "akismet",
      "status": "inactive",
      "version": "5.3.5"
    },
    {
      "name": "hello",
      "status": "inactive",
      "version": "1.7.2"
    }
  ],
  "themes": [
    {
      "name": "twentytwentyfive",
      "status": "active",
      "version": "1.0"
    },
    {
      "name": "twentytwentyfour",
      "status": "inactive",
      "version": "1.3"
    },
    {
      "name": "twentytwentythree",
      "status": "inactive",
      "version": "1.6"
    }
  ]
}